format,cache_tag,shape,batch,padded_batch,k,n,groups,repeats,weight_bits,ms_per_shape,ms_weighted,tops
oq4++,w4,q_proj,32,128,768,768,3,24,4,0.4937,11.8479,0.3059
oq4++,w4,k_proj,32,128,768,256,3,24,4,0.3166,7.5990,0.1590
oq4++,w4,v_proj,32,128,768,256,3,24,4,0.4046,9.7109,0.1244
oq4++,w4,o_proj,32,128,768,768,3,24,4,0.4539,10.8931,0.3327
oq4++,w4,gate_proj,32,128,768,1152,3,24,4,0.5223,12.5351,0.4336
oq4++,w4,up_proj,32,128,768,1152,3,24,4,0.5161,12.3863,0.4389
oq4++,w4,down_proj,32,128,1152,768,5,24,4,0.7173,17.2154,0.3158
oq4++,w4,dense.0,32,128,768,3072,3,1,4,0.8130,0.8130,0.7429
oq4++,w4,dense.1,32,128,3072,768,12,1,4,1.5826,1.5826,0.3816
