amdxdna_version,benchmark_sha256,bundle_blocks_per_column,bundle_file,bundle_payload_sha256,columns,fanout,fifo_depth,firmware_version,first_mmul_oracle,full_k_group_oracle,git_commit,git_dirty,global_span_cycles,global_weight_reorder_in_kernel,hclk_mhz,host,host_call_ms,mean_receive_busy,mean_receive_idle,mean_receive_stalled,mode,npu_device,profile,shared_input_bytes,shared_input_tile_offset,three_group_scaled_oracle,trace_columns,weight_dma_channel,wire_bytes,wire_gbs,xrt_version,trial
unknown,69e4a20b6ef4e289a2ae298609be83a7e46a2c204506c72d2d61ceab77f78d6f,28,/home/sadara/.hipfire/npu/prepacked/EmbeddingGemma-300M.npu.oq4.layer-0.r34-bundled-bo.rdna2.hfp,edf540f5e2f8c99218d3ee7e61eb166a2b522c5c9165d17c2e95eff81779da4c,8,4,4,unknown,pass,not-run,4392d7ac0b44001db5b41680cae3223ab58cafc8,1,122701,False,1800.0,halo,353.5530810186174,0.4854740576040605,0.5836626582094708,0.0,FIRST_MMUL,npu2,embeddinggemma-r34-resident-bundle-v1,2949120,0,not-run,4,1,3670016,53.838426744688306,unknown,1
unknown,69e4a20b6ef4e289a2ae298609be83a7e46a2c204506c72d2d61ceab77f78d6f,28,/home/sadara/.hipfire/npu/prepacked/EmbeddingGemma-300M.npu.oq4.layer-0.r34-bundled-bo.rdna2.hfp,edf540f5e2f8c99218d3ee7e61eb166a2b522c5c9165d17c2e95eff81779da4c,8,4,4,unknown,pass,not-run,4392d7ac0b44001db5b41680cae3223ab58cafc8,1,122723,False,1800.0,halo,163.72835900983773,0.4905421132237836,0.57473293262531,0.0,FIRST_MMUL,npu2,embeddinggemma-r34-resident-bundle-v1,2949120,0,not-run,4,1,3670016,53.82877537217962,unknown,2
unknown,69e4a20b6ef4e289a2ae298609be83a7e46a2c204506c72d2d61ceab77f78d6f,28,/home/sadara/.hipfire/npu/prepacked/EmbeddingGemma-300M.npu.oq4.layer-0.r34-bundled-bo.rdna2.hfp,edf540f5e2f8c99218d3ee7e61eb166a2b522c5c9165d17c2e95eff81779da4c,8,4,4,unknown,pass,not-run,4392d7ac0b44001db5b41680cae3223ab58cafc8,1,122080,False,1800.0,halo,175.36352900788188,0.48840290384442664,0.5741534050048931,0.0,FIRST_MMUL,npu2,embeddinggemma-r34-resident-bundle-v1,2949120,0,not-run,4,1,3670016,54.11229357798165,unknown,3
unknown,69e4a20b6ef4e289a2ae298609be83a7e46a2c204506c72d2d61ceab77f78d6f,28,/home/sadara/.hipfire/npu/prepacked/EmbeddingGemma-300M.npu.oq4.layer-0.r34-bundled-bo.rdna2.hfp,edf540f5e2f8c99218d3ee7e61eb166a2b522c5c9165d17c2e95eff81779da4c,8,4,4,unknown,not-run,pass,4392d7ac0b44001db5b41680cae3223ab58cafc8,1,121765,False,1800.0,halo,172.87420999491587,0.4901928360101037,0.5521197562129774,0.01858242675947621,FULL_K_GROUP_STAGE1,npu2,embeddinggemma-r34-resident-bundle-v1,2949120,0,not-run,4,1,3670016,54.252279390629496,unknown,1
unknown,69e4a20b6ef4e289a2ae298609be83a7e46a2c204506c72d2d61ceab77f78d6f,28,/home/sadara/.hipfire/npu/prepacked/EmbeddingGemma-300M.npu.oq4.layer-0.r34-bundled-bo.rdna2.hfp,edf540f5e2f8c99218d3ee7e61eb166a2b522c5c9165d17c2e95eff81779da4c,8,4,4,unknown,not-run,pass,4392d7ac0b44001db5b41680cae3223ab58cafc8,1,120913,False,1800.0,halo,180.29677198501304,0.49104043479890874,0.5670325313384955,0.014161186232908688,FULL_K_GROUP_STAGE1,npu2,embeddinggemma-r34-resident-bundle-v1,2949120,0,not-run,4,1,3670016,54.63456204047538,unknown,2
unknown,69e4a20b6ef4e289a2ae298609be83a7e46a2c204506c72d2d61ceab77f78d6f,28,/home/sadara/.hipfire/npu/prepacked/EmbeddingGemma-300M.npu.oq4.layer-0.r34-bundled-bo.rdna2.hfp,edf540f5e2f8c99218d3ee7e61eb166a2b522c5c9165d17c2e95eff81779da4c,8,4,4,unknown,not-run,pass,4392d7ac0b44001db5b41680cae3223ab58cafc8,1,122628,False,1800.0,halo,177.51901899464428,0.49210967153999996,0.5493702465621231,0.025900051222257837,FULL_K_GROUP_STAGE1,npu2,embeddinggemma-r34-resident-bundle-v1,2949120,0,not-run,4,1,3670016,53.8704765632645,unknown,3
unknown,69e4a20b6ef4e289a2ae298609be83a7e46a2c204506c72d2d61ceab77f78d6f,28,/home/sadara/.hipfire/npu/prepacked/EmbeddingGemma-300M.npu.oq4.layer-0.r34-bundled-bo.rdna2.hfp,edf540f5e2f8c99218d3ee7e61eb166a2b522c5c9165d17c2e95eff81779da4c,8,4,4,unknown,not-run,not-run,4392d7ac0b44001db5b41680cae3223ab58cafc8,1,129755,False,1800.0,halo,175.51669297972694,0.46234558033666456,0.4989994088396193,0.09914089773454558,THREE_GROUP_SCALED_STAGE2,npu2,embeddinggemma-r34-resident-bundle-v1,2949120,0,pass,4,1,3670016,50.91155485337752,unknown,1
unknown,69e4a20b6ef4e289a2ae298609be83a7e46a2c204506c72d2d61ceab77f78d6f,28,/home/sadara/.hipfire/npu/prepacked/EmbeddingGemma-300M.npu.oq4.layer-0.r34-bundled-bo.rdna2.hfp,edf540f5e2f8c99218d3ee7e61eb166a2b522c5c9165d17c2e95eff81779da4c,8,4,4,unknown,not-run,not-run,4392d7ac0b44001db5b41680cae3223ab58cafc8,1,130542,False,1800.0,halo,170.06801499519497,0.46308947017902513,0.47649997295552343,0.12442702883426068,THREE_GROUP_SCALED_STAGE2,npu2,embeddinggemma-r34-resident-bundle-v1,2949120,0,pass,4,1,3670016,50.60462379923703,unknown,2
unknown,69e4a20b6ef4e289a2ae298609be83a7e46a2c204506c72d2d61ceab77f78d6f,28,/home/sadara/.hipfire/npu/prepacked/EmbeddingGemma-300M.npu.oq4.layer-0.r34-bundled-bo.rdna2.hfp,edf540f5e2f8c99218d3ee7e61eb166a2b522c5c9165d17c2e95eff81779da4c,8,4,4,unknown,not-run,not-run,4392d7ac0b44001db5b41680cae3223ab58cafc8,1,129298,False,1800.0,halo,171.72571399714798,0.45515201180268533,0.541729728273427,0.07316284063407685,THREE_GROUP_SCALED_STAGE2,npu2,embeddinggemma-r34-resident-bundle-v1,2949120,0,pass,4,1,3670016,51.09150025522437,unknown,3
